<?xml version="1.0" encoding="UTF-8"?>
<addon id="plugin.video.mrs" name="mrs پلاگین جدید" version="1.0.0" provider-name="MRS-Company">
    <requires>
        <import addon="xbmc.python" version="2.1.0"/>
		<import addon="script.module.simplejson" version="2.0.9"/>
        <import addon="script.module.beautifulsoup" version="3.2.0"/>
    </requires>
    <extension point="xbmc.python.pluginsource" library="addon.py">
        <provides>video</provides>
    </extension>
    <extension point="xbmc.addon.metadata">
        <summary>This is Mohamadreza program</summary>
        <description>This is a description of Mohamadreza Program.</description>
        <disclaimer>Under MRS-Company License.</disclaimer>
        <platform>all</platform>
		<license>GNU General Public License, v2</license>
		<language></language>
		<forum>http://forum.kodi.tv/showthread.php?tid=209948</forum>
		<source>https://github.com/zag2me/plugin.program.hello.world</source>
		<email>zag@kodi.org</email>
    </extension>
</addon>
