<?xml version="1.0" encoding="UTF-8"?>
<fonts>
	<fontset id="Tahoma based" idloc="31394">
		<!-- Normal Fonts -->
		<font>
			<name>font10</name>
			<filename>Tahoma.ttf</filename>
			<size>14</size>
		</font>
		<font>
			<name>font12</name>
			<filename>Tahoma.ttf</filename>
			<size>17</size>
		</font>
		<font>
			<name>font13</name>
			<filename>Tahoma.ttf</filename>
			<size>20</size>
		</font>
		<font>
			<name>font14</name>
			<filename>Tahoma.ttf</filename>
			<size>22</size>
		</font>
		<font>
			<name>font16</name>
			<filename>Tahoma.ttf</filename>
			<size>25</size>
		</font>
		<font>
			<name>font30</name>
			<filename>Tahoma.ttf</filename>
			<size>30</size>
		</font>
		<font>
			<name>fontContextMenu</name>
			<filename>Tahoma.ttf</filename>
			<size>18</size>
		</font>
		<!-- Title Fonts -->
		<font>
			<name>font10_title</name>
			<filename>Tahomabd.ttf</filename>
			<size>12</size>
		</font>
		<font>
			<name>font12_title</name>
			<filename>Tahomabd.ttf</filename>
			<size>17</size>
		</font>
		<font>
			<name>font13_title</name>
			<filename>Tahomabd.ttf</filename>
			<size>20</size>
		</font>
		<font>
			<name>font24_title</name>
			<filename>Tahomabd.ttf</filename>
			<size>24</size>
		</font>
		<font>
			<name>font28_title</name>
			<filename>Tahomabd.ttf</filename>
			<size>28</size>
		</font>
		<font>
			<name>font30_title</name>
			<filename>Tahomabd.ttf</filename>
			<size>30</size>
		</font>
		<font>
			<name>font35_title</name>
			<filename>Tahomabd.ttf</filename>
			<size>35</size>
		</font>
		<font>
			<name>font_MainMenu</name>
			<filename>Tahomabd.ttf</filename>
			<size>40</size>
		</font>
		<font>
			<name>WeatherTemp</name>
			<filename>Tahomabd.ttf</filename>
			<size>80</size>
		</font>
	</fontset>
	<fontset id="Massive" idloc="15110">
		<!-- Normal Fonts -->
		<font>
			<name>font10</name>
			<filename>Tahoma.ttf</filename>
			<size>14</size>
		</font>
		<font>
			<name>font12</name>
			<filename>Tahoma.ttf</filename>
			<size>23</size>
		</font>
		<font>
			<name>font13</name>
			<filename>Tahoma.ttf</filename>
			<size>25</size>
		</font>
		<font>
			<name>font14</name>
			<filename>Tahoma.ttf</filename>
			<size>25</size>
		</font>
		<font>
			<name>font16</name>
			<filename>Tahoma.ttf</filename>
			<size>25</size>
		</font>
		<font>
			<name>font30</name>
			<filename>Tahoma.ttf</filename>
			<size>30</size>
		</font>
		<font>
			<name>fontContextMenu</name>
			<filename>Tahoma.ttf</filename>
			<size>25</size>
		</font>
		<!-- Title Fonts -->
		<font>
			<name>font10_title</name>
			<filename>Tahomabd.ttf</filename>
			<size>12</size>
		</font>
		<font>
			<name>font12_title</name>
			<filename>Tahomabd.ttf</filename>
			<size>17</size>
		</font>
		<font>
			<name>font13_title</name>
			<filename>Tahomabd.ttf</filename>
			<size>20</size>
		</font>
		<font>
			<name>font24_title</name>
			<filename>Tahomabd.ttf</filename>
			<size>24</size>
		</font>
		<font>
			<name>font28_title</name>
			<filename>Tahomabd.ttf</filename>
			<size>28</size>
		</font>
		<font>
			<name>font30_title</name>
			<filename>Tahomabd.ttf</filename>
			<size>30</size>
		</font>
		<font>
			<name>font35_title</name>
			<filename>Tahomabd.ttf</filename>
			<size>35</size>
		</font>
		<font>
			<name>font_MainMenu</name>
			<filename>Tahomabd.ttf</filename>
			<size>40</size>
		</font>
		<font>
			<name>WeatherTemp</name>
			<filename>Tahomabd.ttf</filename>
			<size>80</size>
		</font>
	</fontset>
	<fontset id="Arial" idloc="31392">
		<!-- Arial Font better for non English -->
		<font>
			<name>font10</name>
			<filename>arial.ttf</filename>
			<size>12</size>
		</font>
		<font>
			<name>font12</name>
			<filename>arial.ttf</filename>
			<size>15</size>
		</font>
		<font>
			<name>font13</name>
			<filename>arial.ttf</filename>
			<size>18</size>
		</font>
		<font>
			<name>font14</name>
			<filename>arial.ttf</filename>
			<size>20</size>
		</font>
		<font>
			<name>font16</name>
			<filename>arial.ttf</filename>
			<size>23</size>
		</font>
		<font>
			<name>font30</name>
			<filename>arial.ttf</filename>
			<size>28</size>
		</font>
		<font>
			<name>fontContextMenu</name>
			<filename>arial.ttf</filename>
			<size>16</size>
		</font>
		<!-- Title Fonts -->
		<font>
			<name>font10_title</name>
			<filename>arial.ttf</filename>
			<size>10</size>
			<style>bold</style>
		</font>
		<font>
			<name>font12_title</name>
			<filename>arial.ttf</filename>
			<size>15</size>
			<style>bold</style>
		</font>
		<font>
			<name>font13_title</name>
			<filename>arial.ttf</filename>
			<size>18</size>
			<style>bold</style>
		</font>
		<font>
			<name>font24_title</name>
			<filename>arial.ttf</filename>
			<size>22</size>
			<style>bold</style>
		</font>
		<font>
			<name>font28_title</name>
			<filename>arial.ttf</filename>
			<size>26</size>
			<style>bold</style>
		</font>
		<font>
			<name>font30_title</name>
			<filename>arial.ttf</filename>
			<size>28</size>
			<style>bold</style>
		</font>
		<font>
			<name>font35_title</name>
			<filename>arial.ttf</filename>
			<size>33</size>
			<style>bold</style>
		</font>
		<font>
			<name>font_MainMenu</name>
			<filename>arial.ttf</filename>
			<size>35</size>
			<style>bold</style>
		</font>
		<font>
			<name>WeatherTemp</name>
			<filename>arial.ttf</filename>
			<size>80</size>
			<style>bold</style>
		</font>
	</fontset>
		<fontset id="B-Roya" idloc="31393">
		<!-- B-Roya Font better for non English -->
		<font>
			<name>font10</name> <!-- date time -->
			<filename>B-Roya.ttf</filename>
			<size>18</size>
		</font>
		<font>
			<name>font12</name> <!-- descriptions in settings menu va rss va home items submenus va title files -->
			<filename>B-Roya.ttf</filename>
			<size>19</size>
		</font>
		<font>
			<name>font13</name> <!-- neveshtehaye context, item haye samte raste settings , dokmeye keyboard , matne keyboard  -->
			<filename>B-Roya.ttf</filename>
			<size>20</size>
		</font>
		<font>
			<name>font14</name>
			<filename>B-Roya.ttf</filename>
			<size>25</size>
		</font>
		<font>
			<name>font16</name>
			<filename>B-Roya.ttf</filename>
			<size>28</size>
		</font>
		<font>
			<name>font30</name>
			<filename>B-Roya.ttf</filename>
			<size>33</size>
		</font>
		<font>
			<name>fontContextMenu</name>
			<filename>B-Roya.ttf</filename>
			<size>21</size>
		</font>
		<!-- Title Fonts -->
		<font>
			<name>font10_title</name>
			<filename>B-Roya.ttf</filename>
			<size>16</size>
			<style>bold</style>
		</font>
		<font>
			<name>font12_title</name>
			<filename>B-Roya.ttf</filename>
			<size>21</size>
			<style>bold</style>
		</font>
		<font>
			<name>font13_title</name>
			<filename>B-Roya.ttf</filename> <!-- titre settings va titre aabi range context menu -->
			<size>22</size>
			<style>bold</style>
		</font>
		<font>
			<name>font24_title</name>
			<filename>B-Roya.ttf</filename>
			<size>29</size>
			<style>bold</style>
		</font>
		<font>
			<name>font28_title</name>
			<filename>B-Roya.ttf</filename>
			<size>28</size>
			<style>bold</style>
		</font>
		<font>
			<name>font30_title</name>
			<filename>B-Roya.ttf</filename>
			<size>34</size>
			<style>bold</style>
		</font>
		<font>
			<name>font35_title</name>
			<filename>B-Roya.ttf</filename>
			<size>39</size>
			<style>bold</style>
		</font>
		<font>
			<name>font_MainMenu</name>  <!-- main menu items  -->
			<filename>B-Roya.ttf</filename>
			<size>40</size>
			<style>bold</style>
		</font>
		<font>
			<name>WeatherTemp</name>
			<filename>B-Roya.ttf</filename>
			<size>70</size>
			<style>bold</style>
		</font>
	</fontset>
</fonts>
