﻿<?xml version="1.0" encoding="UTF-8" standalone="yes"?>
<addon id="repository.mrs" name="Mohamadreza repository addon" version="1.0.0" provider-name="xbmc_now">
	<extension point="xbmc.addon.repository" name="Mohamadreza repository">
		<info compressed="false">https://raw.githubusercontent.com/rezasamir/mrs/master/addons.xml</info>
		<checksum>https://raw.githubusercontent.com/rezasamir/mrs/master/addons.xml.md5</checksum>
		<datadir zip="true">https://raw.githubusercontent.com/rezasamir/mrs/master</datadir>
	</extension>
	<extension point="xbmc.addon.metadata">
		<summary>MRS Addons repository</summary>
		<platform>all</platform>
	</extension>
</addon>

