<?xml version="1.0" encoding="UTF-8"?>
<addon id="weather.yahoo" name="Yahooweather" version="24.0.0" provider-name="ronie">
	<requires>
		<import addon="xbmc.python" version="2.20.0"/>
		<import addon="script.module.simplejson" version="3.3.0"/>
	</requires>
	<extension point="xbmc.python.weather" library="addon.py">
	 </extension>
	 <extension point="xbmc.addon.metadata">
        <summary>This is Mohamadreza program</summary>
        <description>This is a description of Mohamadreza Program.</description>
        <disclaimer>Under MRS-Company License.</disclaimer>
    </extension>
</addon>
