<?xml version="1.0" encoding="UTF-8"?>
<window>
	<defaultcontrol>2</defaultcontrol>
	<controls>
		<control type="group" id="13">
			<left>130r</left>
			<top>10</top>
			<visible>!Skin.HasSetting(Show_SlideShow_Paused)</visible>
			<control type="image">
				<left>0</left>
				<top>0</top>
				<width>120</width>
				<height>35</height>
				<texture>black-back.png</texture>
				<bordertexture border="3">NoCover_1.png</bordertexture>
				<bordersize>5</bordersize>
			</control>
			<control type="label">
				<description>paused label</description>
				<left>10</left>
				<top>0</top>
				<width>100</width>
				<height>35</height>
				<align>center</align>
				<aligny>center</aligny>
				<font>font10</font>
				<textcolor>white</textcolor>
				<label>31043</label>
			</control>
		</control>
		 <control type="label">
            <description>Picture white comment</description>
            <posx>0</posx>
            <posy>667</posy>
            <width>1280</width>
            <height>35</height>
            <align>center</align>
            <aligny>center</aligny>
            <font>font10</font>
            <textcolor>white</textcolor>
			<shadowcolor>black</shadowcolor>
            <label>$INFO[slideshow.exifdescription]</label>
			<visible>system.getbool(slideshow.displaydescription) + system.getbool(slideshow.descriptioncolor) </visible>
        </control>
		 <control type="label">
            <description>Picture black comment</description>
            <posx>0</posx>
            <posy>667</posy>
            <width>1280</width>
            <height>35</height>
            <align>center</align>
            <aligny>center</aligny>
            <font>font12</font>
            <textcolor>black</textcolor>
			<shadowcolor>white</shadowcolor>
            <label>$INFO[slideshow.exifdescription]</label>
			<visible>system.getbool(slideshow.displaydescription) + !system.getbool(slideshow.descriptioncolor) </visible>
			<autoscroll delay="3000" time="1000" repeat="10000">true</autoscroll>
        </control>
		<!-- media infos -->
		<control type="group">
			<left>20</left>
			<top>180r</top>
			<visible>Player.ShowInfo + Player.HasMedia</visible>
			<include>VisibleFadeEffect</include>
			<include>SmallMusicInfo</include>
		</control>
		<control type="button">
			<visible>SlideShow.IsVideo + [!SlideShow.IsActive | SlideShow.IsPaused]</visible>
			<description>Video Play Button</description>
			<left>540</left>
			<top>260</top>
			<width>200</width>
			<height>200</height>
			<font>-</font>
			<onclick>play</onclick>
			<texturefocus>arrow-big-right.png</texturefocus>
			<texturenofocus>arrow-big-right.png</texturenofocus>
		</control>
	</controls>
</window>
