﻿<?xml version="1.0" encoding="UTF-8" standalone="yes"?>
<addon id="repository.mrs" name="mrs-repository" version="4.0.0" provider-name="MRS-Company">
	<extension point="xbmc.addon.repository" name="mrs-repository">
		<info compressed="false">https://raw.githubusercontent.com/rezasamir/mrs/master/addons.xml</info>
		<checksum>https://raw.githubusercontent.com/rezasamir/mrs/master/addons.xml.md5</checksum>
		<datadir zip="true">https://raw.githubusercontent.com/rezasamir/mrs/master</datadir>
	</extension>
	<extension point="xbmc.addon.metadata">
		<summary>MRS Application Repo</summary>
		<platform>all</platform>
	</extension>
</addon>

