<?xml version="1.0" encoding="UTF-8"?>
<addon id="script.mrs-persiandate"
       name="mrs-persiandate"
       version="1.0.0"
       provider-name="MRS-Company">
    <requires>
        <import addon="xbmc.python" version="2.1.0"/> 
    </requires>
    <extension point="xbmc.python.script" library="default.py">
      <!--  <provides>executable</provides> -->
    </extension>
    <extension point="xbmc.addon.metadata">
	    <platform>all</platform>
		<summary lang="en">Persian date for showing on background</summary>
    </extension>
</addon>